Title,Domain,Snippet,Link
"Order Domino's Pizza Online – Get 2 Regular Pizza @99 Each",www.dominos.co.in,"Order Pizza online from Domino's and get a discount upto 50%. Choose from the best pizza deals and offers available online. Pizza Delivery, Takeaway and ...",https://www.dominos.co.in/
"Order Pizza Online - Delivery and Takeaway",www.pizzahut.co.in,"Order a delicious pizza on the go, anywhere, anytime. Pizza Hut is happy to assist you with your home delivery. Every time you order, you get a hot and fresh ...",https://www.pizzahut.co.in/
"List of Top Pizza Outlets in Delhi - Best Pizza Places near me",www.justdial.com,"10602 Pizza Outlets in Delhi. Find ✓Pizza Places, ✓Pizza Joints, ✓Pizza Restaurants, ✓Places Serving Pizza in Delhi. Get Phone Numbers, Address, ...",https://www.justdial.com/Delhi/Pizza-Outlets/nct-10370637
"Top Pizza Delivery Services in Delhi",www.justdial.com,"Best Pizza Delivery Services in Delhi - Order Food Online · Chicago Pizza · Dominick Pizza · By The Bay · Pizzalicious · Halal Food 4 U · Dhingra'z Pasta La ...",https://www.justdial.com/Delhi/Pizza-Delivery-Services/nct-11960353
"Everyday Value Offers | 2 Regular Pizzas @ Rs. 99 each",www.dominos.co.in,"Avail great deals and offers on online pizza orders with Domino's everyday value offers, get 2 regular hand tossed pizzas @ Rs. 99 each.",https://www.dominos.co.in/great-deals/online-pizza-coupons/everyday-value-offers
पिज़्ज़ा,hi.wikipedia.org,"पिज़्ज़ा (इतालवी: Pizza, उच्चारण: पीत्सा) भट्टी में बनाए जानी वाली चपटी डबलरोटी होती है, जीसे मुख्यतः टमाटर की चटनी, चीज़ और अन्य विविध ...",https://hi.wikipedia.org/wiki/%E0%A4%AA%E0%A4%BF%E0%A4%9C%E0%A4%BC%E0%A5%8D%E0%A4%9C%E0%A4%BC%E0%A4%BE
"Domino's Pizza - Food Delivery - Apps on Google Play",play.google.com,"- Explore the menu for your favourite veg & non-veg pizzas, sides, pizza mania, meals & combos and desserts too. - Skip the queue and order food while Dinning ...",https://play.google.com/store/apps/details?id=com.Dominos&hl=en
"Order Online From Domino's Pizza In Delhi 2024",www.swiggy.com,"Find Out Domino's Pizza Restaurant Outlets In Delhi. Find Contact Information, Menus, Reviews Or Order Online From The Nearest Domino's Pizza Outlet.",https://www.swiggy.com/city/delhi/dominos-pizza
"डोमिनोज़ जैसा वेज पिज़्ज़ा कैसे बनाते है | Dominos Style Veg Pizza",www.youtube.com,,https://www.youtube.com/watch?v=PK0czgdbHoY
"THE 10 BEST Pizza Places in New Delhi (Updated 2024)",www.tripadvisor.com,"Pizza in New Delhi · 1. Dr.Zombie. (166). Closed Now · 2. La Piazza. (860). Closed Now. Italian, Pizza$$$$ Menu · 3. Out Of The Box ...",https://www.tripadvisor.com/Restaurants-g304551-c31-New_Delhi_National_Capital_Territory_of_Delhi.html
